keyword,url,date
myjobmag.com React Native Developer,https://www.myjobmag.com/jobs-by-title/react-native,2025-08-01 16:26:57
myjobmag.com React Native Developer,https://www.myjobmag.com/jobs-by-title/react-native-mobile-app-developer,2025-08-01 16:26:57
myjobmag.com React Native Developer,https://www.myjobmag.com/jobs-by-title/react-react-native-mobile-developer,2025-08-01 16:26:57
myjobmag.com React Native Developer,https://www.myjobmag.com/jobs-by-title/react-native-developer/4,2025-08-01 16:26:57
myjobmag.com React Native Developer,https://www.myjobmag.com/jobs-by-title/react-native-developer-intern,2025-08-01 16:26:57
myjobmag.com React Native Developer,https://www.myjobmag.com/jobs-by-title/react-native-software-developer/12,2025-08-01 16:26:57
myjobmag.com React Native Developer,https://www.myjobmag.com/jobs-by-title/react-native-developer-mobile-app-developer/21,2025-08-01 16:26:57
myjobmag.com React Native Developer,https://www.myjobmag.com/jobs-by-title/react-native-developer-mobile-app-developer/5,2025-08-01 16:26:57
myjobmag.com React Native Developer,https://www.myjobmag.com/jobs-by-title/react-react-native-developer/20,2025-08-01 16:26:57
myjobmag.com React Native Developer,https://www.myjobmag.com/jobs-by-title/react-react-native-developer/23,2025-08-01 16:26:57
myjobmag.com Frontend Developers,https://www.myjobmag.com/jobs-by-title/front-end-developer,2025-08-01 16:27:00
myjobmag.com Frontend Developers,https://www.myjobmag.com/jobs-by-title/front-end-developer-remote,2025-08-01 16:27:00
myjobmag.com Frontend Developers,https://www.myjobmag.com/jobs-by-title/frontend-developer,2025-08-01 16:27:00
myjobmag.com Frontend Developers,https://www.myjobmag.com/jobs-by-title/frontend-developers/46,2025-08-01 16:27:00
myjobmag.com Frontend Developers,https://www.myjobmag.com/jobs-by-title/frontend-developers/33,2025-08-01 16:27:00
myjobmag.com Frontend Developers,https://www.myjobmag.com/job/react-frontend-developer-soft-solutions-limited-1,2025-08-01 16:27:00
myjobmag.com Frontend Developers,https://www.myjobmag.com/jobs-by-title/junior-frontend-developer,2025-08-01 16:27:00
myjobmag.com Frontend Developers,https://www.myjobmag.com/job/frontend-developer-techtink-solutions-ltd,2025-08-01 16:27:00
myjobmag.com Frontend Developers,https://www.myjobmag.com/job/senior-front-end-developer-belyfted-limited,2025-08-01 16:27:00
myjobmag.com Frontend Developers,https://www.myjobmag.com/job/front-end-developer-baselinks-consult-1,2025-08-01 16:27:00
hotnigerianjobs.com React Native Developer,https://www.hotnigerianjobs.com/hotjobs/763465/senior-react-native-mobile-developer-at-talentvol.html,2025-08-01 16:27:03
hotnigerianjobs.com React Native Developer,https://www.hotnigerianjobs.com/field/237/,2025-08-01 16:27:03
hotnigerianjobs.com React Native Developer,https://www.hotnigerianjobs.com/hotjobs/728704/react-native-developer-at-annemarthas-global-servi.html,2025-08-01 16:27:03
hotnigerianjobs.com React Native Developer,https://www.hotnigerianjobs.com/hotjobs/674851/react-native-developer-at-teamace-limited.html,2025-08-01 16:27:03
hotnigerianjobs.com React Native Developer,https://www.hotnigerianjobs.com/hotjobs/666548/senior-react-native-developer-at-uridium-technolog.html,2025-08-01 16:27:03
hotnigerianjobs.com React Native Developer,https://www.hotnigerianjobs.com/hotjobs/670676/mobile-react-native-full-stack-developer-parttime.html,2025-08-01 16:27:03
hotnigerianjobs.com React Native Developer,https://www.hotnigerianjobs.com/hotjobs/633842/react-native-developer-at-skool-media.html,2025-08-01 16:27:03
hotnigerianjobs.com React Native Developer,https://www.hotnigerianjobs.com/hotjobs/404676/react-native-developer-at-aftj-digital-marketing-a.html,2025-08-01 16:27:03
hotnigerianjobs.com React Native Developer,https://www.hotnigerianjobs.com/role/349/,2025-08-01 16:27:03
hotnigerianjobs.com React Native Developer,https://www.hotnigerianjobs.com/hotjobs/459612/senior-front-end-react-native-developer-at-tekexpe.html,2025-08-01 16:27:03
hotnigerianjobs.com Frontend Developers,https://www.hotnigerianjobs.com/field/236/,2025-08-01 16:27:06
hotnigerianjobs.com Frontend Developers,https://www.hotnigerianjobs.com/field/271/,2025-08-01 16:27:06
hotnigerianjobs.com Frontend Developers,https://www.hotnigerianjobs.com/role/445/,2025-08-01 16:27:06
hotnigerianjobs.com Frontend Developers,https://www.hotnigerianjobs.com/,2025-08-01 16:27:06
hotnigerianjobs.com Frontend Developers,https://www.hotnigerianjobs.com/jobs/today/,2025-08-01 16:27:06
hotnigerianjobs.com Frontend Developers,https://www.hotnigerianjobs.com/jobs/featured/1/,2025-08-01 16:27:06
hotnigerianjobs.com Frontend Developers,https://www.hotnigerianjobs.com/industry/127/,2025-08-01 16:27:06
hotnigerianjobs.com Frontend Developers,https://www.hotnigerianjobs.com/hotjobs/673505/frontend-developer-at-stellas-digital-bank.html,2025-08-01 16:27:06
hotnigerianjobs.com Frontend Developers,https://www.hotnigerianjobs.com/hotjobs/636938/frontend-developer-at-lifebank.html,2025-08-01 16:27:06
workable.com Frontend Developer Remote,https://jobs.workable.com/search/global/remote-front-end-developer-jobs,2025-08-01 16:27:09
workable.com Frontend Developer Remote,https://jobs.workable.com/search/spain/remote-front-end-developer-jobs,2025-08-01 16:27:09
workable.com Frontend Developer Remote,https://apply.workable.com/lucidya/j/08221ABA8A/,2025-08-01 16:27:09
workable.com Frontend Developer Remote,https://jobs.workable.com/search/egypt/remote-front-end-developer-jobs,2025-08-01 16:27:09
workable.com Frontend Developer Remote,https://jobs.workable.com/search/global/remote-software-engineer-jobs,2025-08-01 16:27:09
workable.com Frontend Developer Remote,https://apply.workable.com/the-credit-pros/j/F0B29E0619/,2025-08-01 16:27:09
workable.com Frontend Developer Remote,https://apply.workable.com/lucidya/j/08221ABA8A/apply/,2025-08-01 16:27:09
workable.com Frontend Developer Remote,https://apply.workable.com/passionio/j/E0B4E1A50B,2025-08-01 16:27:09
workable.com Frontend Developer Remote,https://jobs.workable.com/search/saudi-arabia/remote-front-end-developer-jobs,2025-08-01 16:27:09
workable.com Frontend Developer Remote,https://nodesk.co/remote-jobs/workable-frontend-engineer/,2025-08-01 16:27:09
my.greenhouse.io Frontend Developer remote,https://job-boards.greenhouse.io/clipboardhealth/jobs/5570021004,2025-08-01 16:27:37
my.greenhouse.io Frontend Developer remote,http://job-boards.greenhouse.io/remotecom,2025-08-01 16:27:37
my.greenhouse.io Frontend Developer remote,https://job-boards.greenhouse.io/keyo/jobs/4620210008,2025-08-01 16:27:37
my.greenhouse.io Frontend Developer remote,https://job-boards.greenhouse.io/appier/jobs/7006297,2025-08-01 16:27:37
my.greenhouse.io Frontend Developer remote,http://job-boards.greenhouse.io/canonical/jobs/5150422,2025-08-01 16:27:37
my.greenhouse.io Frontend Developer remote,http://job-boards.greenhouse.io/pairteam/jobs/8016846002,2025-08-01 16:27:37
my.greenhouse.io Frontend Developer remote,http://job-boards.greenhouse.io/doordashusa/jobs/5630448,2025-08-01 16:27:37
my.greenhouse.io Frontend Developer remote,https://www.greenhouse.com/careers/opportunities,2025-08-01 16:27:37
my.greenhouse.io Frontend Developer remote,https://www.greenhouse.com/life-at-greenhouse,2025-08-01 16:27:37
my.greenhouse.io Frontend Developer remote,https://www.greenhouse.com/guidelines-for-using-ai-in-our-interviewing-process,2025-08-01 16:27:37
my.greenhouse.io React Native Developer remote,http://job-boards.greenhouse.io/neweratech/jobs/8052304002,2025-08-01 16:27:40
my.greenhouse.io React Native Developer remote,https://job-boards.eu.greenhouse.io/technology/jobs/4529467101,2025-08-01 16:27:40
my.greenhouse.io React Native Developer remote,https://boards.greenhouse.io/able/jobs/8024609002,2025-08-01 16:27:40
my.greenhouse.io React Native Developer remote,http://job-boards.greenhouse.io/passes/jobs/4127672008,2025-08-01 16:27:40
my.greenhouse.io React Native Developer remote,https://job-boards.greenhouse.io/momence/jobs/4530482005,2025-08-01 16:27:40
my.greenhouse.io React Native Developer remote,https://job-boards.eu.greenhouse.io/coherentsolutions/jobs/4613698101,2025-08-01 16:27:40
my.greenhouse.io React Native Developer remote,https://job-boards.greenhouse.io/tangoio/jobs/4875652004,2025-08-01 16:27:40
my.greenhouse.io React Native Developer remote,https://job-boards.greenhouse.io/gympass/jobs/8033888002,2025-08-01 16:27:40
my.greenhouse.io React Native Developer remote,http://job-boards.eu.greenhouse.io/huspy/jobs/4633309101,2025-08-01 16:27:40
my.greenhouse.io React Native Developer remote,https://remoteok.com/remote-jobs/remote-react-native-developer-private-ki-1075396,2025-08-01 16:27:40
jobs.eu.lever.co React Native Developer remote,https://jobs.lever.co/multiversx/d0a244eb-627c-46f5-b9fe-1d1dd4a5419b,2025-08-01 16:27:43
jobs.eu.lever.co React Native Developer remote,https://jobs.lever.co/zartis/abadf525-472b-472a-b37e-7f0924b2a2bf,2025-08-01 16:27:43
jobs.eu.lever.co React Native Developer remote,https://jobs.lever.co/moonpay/dbf2422f-0e8e-4459-99df-153fb7b65221,2025-08-01 16:27:43
jobs.eu.lever.co React Native Developer remote,https://jobs.eu.lever.co/ovoko/63519d43-c89e-4731-aa6f-d31a95582665,2025-08-01 16:27:43
jobs.eu.lever.co React Native Developer remote,https://jobs.eu.lever.co/thirdfort/02f1fb24-aefc-4c05-b92b-60dc578978e4,2025-08-01 16:27:43
jobs.eu.lever.co React Native Developer remote,https://www.remoterocketship.com/jobs/react,2025-08-01 16:27:43
jobs.eu.lever.co React Native Developer remote,https://jobs.lever.co/tapasmedia/156efe5a-9ea2-4e0c-a815-574899934dd5/apply,2025-08-01 16:27:43
jobs.eu.lever.co React Native Developer remote,https://remoteok.com/remote-developer+react-jobs,2025-08-01 16:27:43
jobs.eu.lever.co React Native Developer remote,https://hnhiring.com/technologies/react-native/months/january-2025,2025-08-01 16:27:43
jobs.eu.lever.co React Native Developer remote,https://jobs.lever.co/zartis/da7f1004-fb5e-45f4-a8b3-eb62ec4e0298,2025-08-01 16:27:43
jobs.lever.co Frontend Developer remote,https://jobs.lever.co/metabase/8f02d3fa-edf4-4433-a6d1-4f9e517ac8f9,2025-08-01 16:27:46
jobs.lever.co Frontend Developer remote,https://jobs.lever.co/useinsider/703d3d82-3853-4eee-b11e-22e825027340,2025-08-01 16:27:46
jobs.lever.co Frontend Developer remote,https://jobs.lever.co/Anlatan/b6f4e48b-7453-4eb1-9db4-d98bd41f7c56,2025-08-01 16:27:46
jobs.lever.co Frontend Developer remote,https://jobs.lever.co/relay/298f0f7a-d493-49fa-935d-89a76ef09665,2025-08-01 16:27:46
jobs.lever.co Frontend Developer remote,https://jobs.lever.co/netomi/fb9adf2a-83b2-401b-8332-b88bb26c21b8,2025-08-01 16:27:46
jobs.lever.co Frontend Developer remote,https://jobs.lever.co/sporty/53364d9f-653a-4fc8-b005-e539d05772fc,2025-08-01 16:27:46
jobs.lever.co Frontend Developer remote,https://jobs.lever.co/saga-xyz/9938765f-5dae-4561-a135-2177f4bf9901,2025-08-01 16:27:46
jobs.lever.co Frontend Developer remote,https://jobs.lever.co/Tenderly/783d6c7d-6eb3-4416-8c98-10458d488a85,2025-08-01 16:27:46
jobs.lever.co Frontend Developer remote,https://weworkremotely.com/categories/remote-front-end-programming-jobs,2025-08-01 16:27:46
jobs.lever.co Frontend Developer remote,https://jobs.lever.co/1password/75b5f0f0-6e55-40f2-8ff5-91342fb301d4/apply,2025-08-01 16:27:46
jobs.eu.lever.co Frontend Developer remote,https://jobs.lever.co/viabill/98fa7331-cde9-4066-9ca3-2b4f32a90c40,2025-08-01 16:27:49
jobs.eu.lever.co Frontend Developer remote,https://jobs.eu.lever.co/coinspaid/af4195fb-8f59-47fb-a55e-ff4e2e47087c/apply,2025-08-01 16:27:49
jobs.eu.lever.co Frontend Developer remote,https://jobs.eu.lever.co/uberall/fecf7ca9-7e04-49d6-a0fd-77d068f15a00/apply,2025-08-01 16:27:49
jobs.eu.lever.co Frontend Developer remote,https://jobs.eu.lever.co/coinspaid/98ee316a-1507-49fd-b550-75814e7022b8,2025-08-01 16:27:49
jobs.eu.lever.co Frontend Developer remote,https://jobs.eu.lever.co/pnlfin,2025-08-01 16:27:49
jobs.eu.lever.co Frontend Developer remote,https://jobs.lever.co/doola/5824dae7-f716-4b7f-91bb-a1ba7f1ced43/apply,2025-08-01 16:27:49
jobs.eu.lever.co Frontend Developer remote,https://jobs.eu.lever.co/quadcode,2025-08-01 16:27:49
jobs.eu.lever.co Frontend Developer remote,https://jobs.eu.lever.co/coinspaid/98ee316a-1507-49fd-b550-75814e7022b8/apply,2025-08-01 16:27:49
myjobmag.com React Native Developer,https://www.myjobmag.com/jobs-by-title/react-native-developer,2025-08-12 08:15:50
myjobmag.com React Native Developer,https://www.myjobmag.com/jobs-by-title/react-react-native-developer,2025-08-12 08:15:50
myjobmag.com React Native Developer,https://www.myjobmag.com/jobs-by-title/react-native-engineer,2025-08-12 08:15:50
myjobmag.com React Native Developer,https://www.myjobmag.com/jobs-by-title/react-native-developer-mobile-app-developer/15,2025-08-12 08:15:50
myjobmag.com React Native Developer,https://www.myjobmag.com/jobs-by-title/react-native-software-developer/9,2025-08-12 08:15:50
myjobmag.com React Native Developer,https://www.myjobmag.com/jobs-by-title/react-native-mobile-app-developer/8,2025-08-12 08:15:50
myjobmag.com React Native Developer,https://www.myjobmag.com/jobs-by-title/react-react-native-mobile-developer/14,2025-08-12 08:15:50
myjobmag.com React Native Developer,https://www.myjobmag.com/jobs-by-title/react-react-native-developer/21,2025-08-12 08:15:50
myjobmag.com Frontend Developers,https://www.myjobmag.com/jobs-by-title/frontend-developers/31,2025-08-12 08:15:55
myjobmag.com Frontend Developers,https://www.myjobmag.com/jobs-by-title/frontend-client-side-developers/33,2025-08-12 08:15:55
myjobmag.com Frontend Developers,https://www.myjobmag.com/jobs-by-title/frontend-developer-mobile-web-development/30,2025-08-12 08:15:55
myjobmag.com Frontend Developers,https://www.myjobmag.com/jobs-by-title/frontend-web-developer/19,2025-08-12 08:15:55
myjobmag.com Frontend Developers,https://www.myjobmag.com/jobs-by-title/frontend-developer-web/15,2025-08-12 08:15:55
myjobmag.com Frontend Developers,https://www.myjobmag.com/jobs-by-title/mid-level-frontend-developer,2025-08-12 08:15:55
hotnigerianjobs.com React Native Developer,https://www.hotnigerianjobs.com/hotjobs/775459/senior-mobile-developer-reactnative-at-mephalti-te.html,2025-08-12 08:15:59
hotnigerianjobs.com React Native Developer,https://www.hotnigerianjobs.com/hotjobs/638740/junior-mobile-developer-react-native-at-outcess-so.html,2025-08-12 08:15:59
hotnigerianjobs.com React Native Developer,https://www.hotnigerianjobs.com/hotjobs/614933/react-native-developer-at-lagosbiz.html,2025-08-12 08:15:59
hotnigerianjobs.com React Native Developer,https://www.hotnigerianjobs.com/role/437/,2025-08-12 08:15:59
hotnigerianjobs.com Frontend Developers,https://www.hotnigerianjobs.com/field/271/3/,2025-08-12 08:16:04
hotnigerianjobs.com Frontend Developers,https://www.hotnigerianjobs.com/hotjobs/677535/frontend-developer-at-careers-verified-limited.html,2025-08-12 08:16:04
hotnigerianjobs.com Frontend Developers,https://www.hotnigerianjobs.com/hotjobs/711985/frontend-developer-reactnextjs-intern-at-zimcrest.html,2025-08-12 08:16:04
workable.com Frontend Developer Remote,https://apply.workable.com/remotebase/j/3DA05E2265/,2025-08-12 08:16:08
workable.com Frontend Developer Remote,https://apply.workable.com/prepo/j/0506018819/apply/,2025-08-12 08:16:08
workable.com Frontend Developer Remote,https://apply.workable.com/jobgether/j/7188045E64,2025-08-12 08:16:08
workable.com Frontend Developer Remote,https://jobs.workable.com/view/98t7zwEPL7ud9iXABZQTRG/remote-frontend-developer-in-serbia-at-billingplatform,2025-08-12 08:16:08
workable.com React Native Remote,https://apply.workable.com/technance/j/3424B20EB4,2025-08-12 08:16:13
workable.com React Native Remote,https://jobs.workable.com/view/heyaRt4p83QZUr8y4Dy8mu/remote-react-native-developer-in-los-angeles-at-seniorverse,2025-08-12 08:16:13
workable.com React Native Remote,https://apply.workable.com/foxbox-digital/j/ED0BFC7B66,2025-08-12 08:16:13
workable.com React Native Remote,https://jobs.workable.com/view/n361T8VxeDsFugYh1wdNcn/senior-react-native-engineer-(us%2C-remote)-in-united-states-at-diagonal,2025-08-12 08:16:13
workable.com React Native Remote,https://apply.workable.com/oakengage/j/A469CD116E,2025-08-12 08:16:13
workable.com React Native Remote,https://apply.workable.com/futureplc/j/14A2BC1B14,2025-08-12 08:16:13
workable.com React Native Remote,https://jobs.workable.com/search/portugal/work-from-home-react-native-jobs,2025-08-12 08:16:13
workable.com React Native Remote,https://jobs.workable.com/view/fUBM4usUGfkmJLs5rEAcqz/remote-react-native-developer-in-philippines-at-brixio,2025-08-12 08:16:13
workable.com React Native Remote,https://apply.workable.com/questronix-corporation-2/j/B24DA25D2B/,2025-08-12 08:16:13
my.greenhouse.io Frontend Developer remote,http://job-boards.greenhouse.io/lynxanalytics/jobs/7998310002,2025-08-12 08:16:17
my.greenhouse.io Frontend Developer remote,https://job-boards.greenhouse.io/doordashusa/jobs/5630448,2025-08-12 08:16:17
my.greenhouse.io Frontend Developer remote,https://job-boards.greenhouse.io/skedda/jobs/4772972007,2025-08-12 08:16:17
my.greenhouse.io React Native Developer remote,https://job-boards.greenhouse.io/propstack/jobs/7142700,2025-08-12 08:16:21
my.greenhouse.io React Native Developer remote,https://boards.greenhouse.io/tangoio/jobs/4875652004,2025-08-12 08:16:21
jobs.eu.lever.co React Native Developer remote,https://www.indeed.com/q-react-native-developer-europe-jobs.html,2025-08-12 08:16:26
jobs.eu.lever.co React Native Developer remote,https://jobs.lever.co/metawealth/c2ae4a15-ae96-4595-a2f2-386a9a1a99be,2025-08-12 08:16:26
jobs.eu.lever.co React Native Developer remote,https://www.wearedevelopers.com/en/jobs/ls/belgium/brussels/react-native,2025-08-12 08:16:26
jobs.eu.lever.co React Native Developer remote,https://remoteok.com/remote-react-native-jobs,2025-08-12 08:16:26
jobs.eu.lever.co React Native Developer remote,https://www.linkedin.com/jobs/view/react-native-engineer-b2b-at-techshack-4234220773,2025-08-12 08:16:26
jobs.lever.co Frontend Developer remote,https://jobs.lever.co/veeva/866d4776-9d23-4311-ab16-4ebff725984d,2025-08-12 08:16:30
jobs.eu.lever.co Frontend Developer remote,https://jobs.eu.lever.co/olx/e8569bdd-9f13-443c-85f5-bc40953ab401,2025-08-12 08:16:34
jobs.eu.lever.co Frontend Developer remote,https://jobs.eu.lever.co/olx/cc03376e-9bad-45a8-8f48-be886ea603bc,2025-08-12 08:16:34
jobs.eu.lever.co Frontend Developer remote,https://jobs.eu.lever.co/olx,2025-08-12 08:16:34
jobs.eu.lever.co Frontend Developer remote,https://jobs.eu.lever.co/pnlfin?location=Poland,2025-08-12 08:16:34
jobs.lever.co Machine Learning Engineer remote,https://jobs.lever.co/spotify/6f88c48b-b35a-47ae-af4b-0b5bfa08d099,2025-08-12 08:16:43
jobs.lever.co Machine Learning Engineer remote,https://jobs.lever.co/entefy/52af79e3-49c6-4c57-bcf1-1151b4f4af3d/apply,2025-08-12 08:16:43
jobs.lever.co Machine Learning Engineer remote,https://jobs.lever.co/muttdata/8d40f420-1d29-4e94-a87a-6a271ebe3937,2025-08-12 08:16:43
jobs.lever.co Machine Learning Engineer remote,https://jobs.lever.co/haus/f478e80a-3b20-431f-9e4d-8cc27d57034e,2025-08-12 08:16:43
jobs.lever.co Machine Learning Engineer remote,https://jobs.lever.co/valence/03c74aad-9aa4-4d7c-823c-2225688ba510,2025-08-12 08:16:43
jobs.lever.co Machine Learning Engineer remote,https://jobs.lever.co/elementsolutions/57e93363-8fe7-4097-b738-1db70ea34dff?utm_source=algojobs&utm_medium=website&ref=algojobs,2025-08-12 08:16:43
jobs.lever.co Machine Learning Engineer remote,https://jobs.lever.co/osaro/0b82d7e0-bed2-46d0-841f-336c1bc637bd,2025-08-12 08:16:43
jobs.lever.co Machine Learning Engineer remote,https://jobs.lever.co/levelai,2025-08-12 08:16:43
jobs.lever.co Machine Learning Engineer remote,https://jobs.lever.co/spotify/35de0846-f4bb-4975-8f21-382b44aa0e40,2025-08-12 08:16:43
jobs.lever.co Machine Learning Engineer remote,https://jobs.lever.co/Anlatan/b684a295-1603-4667-a4aa-3a82197c5559,2025-08-12 08:16:43
jobs.eu.lever.co Machine Learning Engineer remote,https://jobs.eu.lever.co/prima/c203c2f7-0ff7-4c09-b017-544d43894113,2025-08-12 08:16:47
jobs.eu.lever.co Machine Learning Engineer remote,https://jobs.eu.lever.co/xm/7f2b7f08-4761-461e-8b6a-736af2120dca,2025-08-12 08:16:47
jobs.eu.lever.co Machine Learning Engineer remote,https://jobs.lever.co/joinzoe?mc_cid=d19f665263&mc_eid=UNIQID&location=UK%2FEU%20%28Remote%29,2025-08-12 08:16:47
jobs.eu.lever.co Machine Learning Engineer remote,https://jobs.eu.lever.co/prima/c203c2f7-0ff7-4c09-b017-544d43894113/apply,2025-08-12 08:16:47
jobs.eu.lever.co Machine Learning Engineer remote,https://jobs.lever.co/joinzoe/784007aa-21d0-463b-93bc-60b55362ddae,2025-08-12 08:16:47
jobs.eu.lever.co Machine Learning Engineer remote,https://jobs.lever.co/mistral,2025-08-12 08:16:47
jobs.eu.lever.co Machine Learning Engineer remote,https://jobs.lever.co/mistral/db67d7a2-bcec-4151-9b3a-8212ddabf419,2025-08-12 08:16:47
jobs.eu.lever.co Machine Learning Engineer remote,https://jobs.lever.co/mistral/9f6e6513-fd9e-411b-b558-540bc12b2fe4,2025-08-12 08:16:47
jobs.eu.lever.co Machine Learning Engineer remote,https://jobs.lever.co/mistral?location=Palo%20Alto,2025-08-12 08:16:47
jobs.eu.lever.co Machine Learning Engineer remote,https://jobs.lever.co/mistral?team=Engineering%20%26%20Infra,2025-08-12 08:16:47
my.greenhouse.io Machine Learning Engineer remote,https://job-boards.greenhouse.io/blueroseresearch/jobs/4947557004,2025-08-12 08:16:51
my.greenhouse.io Machine Learning Engineer remote,https://job-boards.greenhouse.io/immunefi/jobs/5578742004,2025-08-12 08:16:51
my.greenhouse.io Machine Learning Engineer remote,https://job-boards.greenhouse.io/reddit/jobs/7031985,2025-08-12 08:16:51
my.greenhouse.io Machine Learning Engineer remote,https://job-boards.greenhouse.io/humeai/jobs/4816795008,2025-08-12 08:16:51
my.greenhouse.io Machine Learning Engineer remote,https://job-boards.greenhouse.io/affirm/jobs/6582927003,2025-08-12 08:16:51
my.greenhouse.io Machine Learning Engineer remote,https://job-boards.greenhouse.io/meshy/jobs/4775285008,2025-08-12 08:16:51
my.greenhouse.io Machine Learning Engineer remote,https://boards.greenhouse.io/rdccareers/jobs/6548621003?gh_jid=6548621003,2025-08-12 08:16:51
my.greenhouse.io Machine Learning Engineer remote,https://job-boards.greenhouse.io/helmai/jobs/4562766005,2025-08-12 08:16:51
my.greenhouse.io Machine Learning Engineer remote,http://job-boards.greenhouse.io/reddit/jobs/6742757,2025-08-12 08:16:51
my.greenhouse.io Machine Learning Engineer remote,https://job-boards.greenhouse.io/techietalent/jobs/4581887005,2025-08-12 08:16:51
myjobmag.com Machine Learning Engineer,https://www.myjobmag.com/jobs-by-title/machine-learning-engineer,2025-08-12 08:16:55
myjobmag.com Machine Learning Engineer,https://www.myjobmag.com/jobs-by-title/machine-learning-engineer-nigeria,2025-08-12 08:16:55
myjobmag.com Machine Learning Engineer,https://www.myjobmag.com/jobs-by-title/ai-machine-learning-engineer,2025-08-12 08:16:55
myjobmag.com Machine Learning Engineer,https://www.myjobmag.com/jobs-by-title/data-scientist-machine-learning-engineer/30,2025-08-12 08:16:55
myjobmag.com Machine Learning Engineer,https://www.myjobmag.com/jobs-by-title/data-machine-learning-engineer,2025-08-12 08:16:55
myjobmag.com Machine Learning Engineer,https://www.myjobmag.com/job/machine-learning-engineer-branch-international-2,2025-08-12 08:16:55
myjobmag.com Machine Learning Engineer,https://www.myjobmag.com/jobs-by-title/senior-machine-learning-engineer,2025-08-12 08:16:55
myjobmag.com Machine Learning Engineer,https://www.myjobmag.com/jobs-by-title/machine-learning-engineer/63,2025-08-12 08:16:55
myjobmag.com Machine Learning Engineer,https://www.myjobmag.com/jobs-by-title/machine-learning-ai-engineer/12,2025-08-12 08:16:55
myjobmag.com Machine Learning Engineer,https://www.myjobmag.com/jobs-by-title/machine-learning-engineer/61,2025-08-12 08:16:55
workable.com Machine Learning Remote,https://apply.workable.com/twosense/j/EA785D6A0E,2025-08-12 08:17:00
workable.com Machine Learning Remote,https://apply.workable.com/huggingface/j/56232F23CB/,2025-08-12 08:17:00
workable.com Machine Learning Remote,https://jobs.workable.com/search/egypt/remote-machine-learning-jobs,2025-08-12 08:17:00
workable.com Machine Learning Remote,https://apply.workable.com/k1x/j/4C03C80E7B/,2025-08-12 08:17:00
workable.com Machine Learning Remote,https://apply.workable.com/talent-hero/j/6DD346F3AA/,2025-08-12 08:17:00
workable.com Machine Learning Remote,https://apply.workable.com/huggingface/,2025-08-12 08:17:00
workable.com Machine Learning Remote,https://apply.workable.com/constructor-1/j/D15079EEBA,2025-08-12 08:17:00
workable.com Machine Learning Remote,https://apply.workable.com/twosense/j/EA785D6A0E/apply/,2025-08-12 08:17:00
workable.com Machine Learning Remote,https://apply.workable.com/reliant-ai/j/23304A1122/,2025-08-12 08:17:00
workable.com Machine Learning Remote,https://apply.workable.com/keepersecurity/j/3C29CF882E,2025-08-12 08:17:00
jobs.lever.co Backend Engineer Django remote,https://jobs.lever.co/remofirst/2606bf92-9cb1-403e-9c98-cecaff5c2ca3,2025-08-12 08:17:04
jobs.lever.co Backend Engineer Django remote,https://jobs.lever.co/trustedhousesitters.com/800c9030-7cb2-45d6-a5e3-ee7ecfa888bd,2025-08-12 08:17:04
jobs.lever.co Backend Engineer Django remote,https://jobs.lever.co/anagram/7534690a-b68f-4435-b2d3-e1a8416f3569,2025-08-12 08:17:04
jobs.lever.co Backend Engineer Django remote,https://jobs.lever.co/latitudeinc/5264c3b7-2237-4311-ad8b-d5ac684c367b,2025-08-12 08:17:04
jobs.lever.co Backend Engineer Django remote,https://jobs.lever.co/savii-2/fc7ba355-1ff8-45c9-87ae-ee7bd4260e3e,2025-08-12 08:17:04
jobs.lever.co Backend Engineer Django remote,https://jobs.lever.co/AIFund/25c9ad38-09c3-4c86-aed7-efc07cb8ad7f,2025-08-12 08:17:04
jobs.lever.co Backend Engineer Django remote,https://jobs.lever.co/Ubiminds/dfcf7eb7-df33-4cc0-a78b-5a704f4ec2b8,2025-08-12 08:17:04
jobs.lever.co Backend Engineer Django remote,https://jobs.lever.co/twingate/30be9aa0-1d0a-40aa-abde-322dcd91bc72,2025-08-12 08:17:04
jobs.lever.co Backend Engineer Django remote,https://uk.indeed.com/q-django-remote-jobs.html,2025-08-12 08:17:04
jobs.lever.co Backend Engineer Django remote,https://jobs.lever.co/swordhealth/c39bf077-76c4-4483-9942-b734f6745a74,2025-08-12 08:17:04
jobs.eu.lever.co Backend Engineer Django remote,https://jobs.eu.lever.co/numan/3e069195-bb1b-4db6-a9b7-08587246a2df,2025-08-12 08:17:09
jobs.eu.lever.co Backend Engineer Django remote,https://remoteok.com/remote-django+engineer-jobs,2025-08-12 08:17:09
jobs.eu.lever.co Backend Engineer Django remote,https://uk.linkedin.com/jobs/view/remote-sr-django-python-backend-developer-m-f-d-at-roompricegenie-4278783874,2025-08-12 08:17:09
jobs.eu.lever.co Backend Engineer Django remote,https://www.remoterocketship.com/jobs/backend-developer,2025-08-12 08:17:09
jobs.eu.lever.co Backend Engineer Django remote,https://be.linkedin.com/jobs/django-developer-jobs-liedekerke,2025-08-12 08:17:09
jobs.eu.lever.co Backend Engineer Django remote,https://remoteok.com/remote-django+python-jobs,2025-08-12 08:17:09
jobs.eu.lever.co Backend Engineer Django remote,https://uk.indeed.com/q-python-software-django-l-london-jobs.html,2025-08-12 08:17:09
jobs.eu.lever.co Backend Engineer Django remote,https://jobs.lever.co/rover/a825940e-3c09-408a-bfe8-a4f14c9f2c9a,2025-08-12 08:17:09
jobs.eu.lever.co Backend Engineer Django remote,https://wellfound.com/role/l/python-developer/europe,2025-08-12 08:17:09
my.greenhouse.io Backend Engineer Django remote,https://job-boards.eu.greenhouse.io/yld/jobs/4611906101?gh_src=c40f3bd2teu,2025-08-12 08:17:13
my.greenhouse.io Backend Engineer Django remote,https://job-boards.greenhouse.io/tvscientific/jobs/4807530008,2025-08-12 08:17:13
my.greenhouse.io Backend Engineer Django remote,https://job-boards.eu.greenhouse.io/yld/jobs/4640289101,2025-08-12 08:17:13
my.greenhouse.io Backend Engineer Django remote,http://job-boards.greenhouse.io/tvscientific/jobs/4785308008,2025-08-12 08:17:13
my.greenhouse.io Backend Engineer Django remote,https://job-boards.greenhouse.io/keyo/jobs/4608242008,2025-08-12 08:17:13
my.greenhouse.io Backend Engineer Django remote,https://jobs.django-news.com/377/job-application-for-software-engineer-i-at-spark-technology-roles/,2025-08-12 08:17:13
my.greenhouse.io Backend Engineer Django remote,https://job-boards.greenhouse.io/clarifai/jobs/7006794,2025-08-12 08:17:13
my.greenhouse.io Backend Engineer Django remote,https://job-boards.greenhouse.io/medsien/jobs/4557294007,2025-08-12 08:17:13
my.greenhouse.io Backend Engineer Django remote,https://job-boards.greenhouse.io/doxocareers/jobs/4573459005?gh_src=7d79172f5us,2025-08-12 08:17:13
my.greenhouse.io Backend Engineer Django remote,https://www.djangoproject.com/community/jobs/?page=9,2025-08-12 08:17:13
myjobmag.com Backend Engineer Django,https://www.myjobmag.com/jobs-by-title/django-backend-developer,2025-08-12 08:17:18
myjobmag.com Backend Engineer Django,https://www.myjobmag.com/jobs-by-title/backend-developer-python-django/13,2025-08-12 08:17:18
myjobmag.com Backend Engineer Django,https://www.myjobmag.com/jobs-by-title/backend-django-developer,2025-08-12 08:17:18
myjobmag.com Backend Engineer Django,https://www.myjobmag.com/jobs-by-title/python-django-backend-developer/2,2025-08-12 08:17:18
myjobmag.com Backend Engineer Django,https://www.myjobmag.com/jobs-by-title/backend-developer-python-django/63,2025-08-12 08:17:18
myjobmag.com Backend Engineer Django,https://www.myjobmag.com/jobs-by-title/backend-developer-python-django/66,2025-08-12 08:17:18
myjobmag.com Backend Engineer Django,https://www.myjobmag.com/jobs-by-title/backend-developer-python-django/65,2025-08-12 08:17:18
myjobmag.com Backend Engineer Django,https://www.myjobmag.com/jobs-by-title/django-and-python-web-developer/2,2025-08-12 08:17:18
myjobmag.com Backend Engineer Django,https://www.myjobmag.com/jobs-by-title/software-engineer-rust-python-django/65,2025-08-12 08:17:18
myjobmag.com Backend Engineer Django,https://www.myjobmag.com/jobs-by-title/senior-backend-developer-python-django/43,2025-08-12 08:17:18
workable.com Backend Engineer Django Remote,https://jobs.workable.com/view/9KvhS1Tr93NQHAY1eRNN1K/remote-principal-backend-engineer---django-%2F-aws-(m%2Ff%2Fx)-in-germany-at-atmio,2025-08-12 08:17:22
workable.com Backend Engineer Django Remote,https://jobs.workable.com/view/71GocPYc1H3EcAXz2x9kfo/remote-backend-developer-(python%2Fdjango)-in-baku-at-sigma-marketing-llc,2025-08-12 08:17:22
workable.com Backend Engineer Django Remote,https://apply.workable.com/cyber-emphasis/j/A1E1E89BB9/,2025-08-12 08:17:22
workable.com Backend Engineer Django Remote,https://apply.workable.com/cyber-emphasis/j/910F5F7230/apply/,2025-08-12 08:17:22
workable.com Backend Engineer Django Remote,https://apply.workable.com/ahoy/j/0AD772A1C3/,2025-08-12 08:17:22
workable.com Backend Engineer Django Remote,https://jobs.workable.com/view/navkFY9rvyjcYLpf2SYjcx/remote-software-engineer-(work-from-home)-django%2Freact%2Fjavascript--%2334442-in-philippines-at-manila-recruitment,2025-08-12 08:17:22
workable.com Backend Engineer Django Remote,https://apply.workable.com/vesynta/j/DA6CD35C50/apply/,2025-08-12 08:17:22
workable.com Backend Engineer Django Remote,https://jobs.workable.com/view/8PNV4DzgHtamgsr2uRFdy7/senior-backend-developer-(python%2Fdjango)---remote-%2F-on-site-in-nea-smyrni-at-cyber-emphasis,2025-08-12 08:17:22
workable.com Backend Engineer Django Remote,https://apply.workable.com/sunscrapers/j/E5FBD910EC,2025-08-12 08:17:22
workable.com Backend Engineer Django Remote,https://www.djangoproject.com/community/jobs/?page=2,2025-08-12 08:17:22
jobs.lever.co Django Developer remote,https://jobs.lever.co/latitudeinc/b91891de-1f37-4108-b9e8-4b9f1d3ada43,2025-08-12 08:17:26
jobs.lever.co Django Developer remote,https://jobs.lever.co/trustedhousesitters.com/9777b8eb-05b0-40de-afdd-b06caa5646e6,2025-08-12 08:17:26
jobs.lever.co Django Developer remote,https://jobs.lever.co/Ubiminds,2025-08-12 08:17:26
jobs.lever.co Django Developer remote,https://jobs.lever.co/kraken123/f18d6571-9abb-41a8-af78-f76338eee911/apply?utm_source=arbeitnow.com,2025-08-12 08:17:26
jobs.lever.co Django Developer remote,https://jobs.lever.co/mistral/e76d2957-2bf6-4d8f-90a2-29bf9a927823,2025-08-12 08:17:26
jobs.lever.co Django Developer remote,https://www.naukri.com/job-listings-python-django-developer-solulever-noida-2-to-5-years-031023500613,2025-08-12 08:17:26
jobs.lever.co Django Developer remote,"https://www.glassdoor.co.uk/Job/remote-django-jobs-SRCH_KO0,13.htm",2025-08-12 08:17:26
jobs.eu.lever.co Django Developer remote,https://emp.jobylon.com/jobs/273854-jobylon-full-stack-pythondjango-developer-remote-eu/,2025-08-12 08:17:31
jobs.eu.lever.co Django Developer remote,https://www.wearedevelopers.com/en/jobs/ls/remote/germany/python,2025-08-12 08:17:31
jobs.eu.lever.co Django Developer remote,https://jobs.eu.lever.co/lever,2025-08-12 08:17:31
jobs.eu.lever.co Django Developer remote,https://www.totaljobs.com/jobs/python-django-developer/in-europe,2025-08-12 08:17:31
jobs.eu.lever.co Django Developer remote,https://www.linkedin.com/jobs/remote-django-jobs-in-europe-jobs,2025-08-12 08:17:31
my.greenhouse.io Django Developer remote,https://job-boards.greenhouse.io/gigster/jobs/5445074004,2025-08-12 08:17:35
my.greenhouse.io Django Developer remote,https://job-boards.greenhouse.io/xapo61/jobs/6656746003,2025-08-12 08:17:35
my.greenhouse.io Django Developer remote,https://boards.greenhouse.io/canonical/jobs/4647417,2025-08-12 08:17:35
my.greenhouse.io Django Developer remote,https://job-boards.greenhouse.io/arine/jobs/5466968004,2025-08-12 08:17:35
my.greenhouse.io Django Developer remote,https://boards.greenhouse.io/octave/jobs/8009833002?gh_jid=8009833002?ref=employbl,2025-08-12 08:17:35
my.greenhouse.io Django Developer remote,https://remoteok.com/remote-jobs/remote-senior-django-developer-proxify-382270,2025-08-12 08:17:35
my.greenhouse.io Django Developer remote,https://www.totaljobs.com/jobs/django-developer,2025-08-12 08:17:35
myjobmag.com Django Developer,https://www.myjobmag.com/jobs-by-title/django-developer,2025-08-12 08:17:39
myjobmag.com Django Developer,https://www.myjobmag.com/jobs-by-title/python-django-developer,2025-08-12 08:17:39
myjobmag.com Django Developer,https://www.myjobmag.com/jobs-by-title/python-django-software-developer,2025-08-12 08:17:39
myjobmag.com Django Developer,https://www.myjobmag.com/jobs-by-title/remote-django-developer,2025-08-12 08:17:39
myjobmag.com Django Developer,https://www.myjobmag.com/jobs-by-title/django-and-python-web-developer,2025-08-12 08:17:39
myjobmag.com Django Developer,https://www.myjobmag.com/jobs-by-title/python-django-developer/18,2025-08-12 08:17:39
myjobmag.com Django Developer,https://www.myjobmag.com/jobs-by-title/python-django-back-end-developer/13,2025-08-12 08:17:39
myjobmag.com Django Developer,https://www.myjobmag.com/jobs-by-title/python-django-backend-developer/19,2025-08-12 08:17:39
myjobmag.com Django Developer,https://www.myjobmag.com/jobs-by-title/android-and-django-developer/20,2025-08-12 08:17:39
workable.com Django Developer Remote,https://jobs.workable.com/view/cDRZ7BDJKnDbDRpRBvrXU9/remote-sr.-django-developer-(full-wfh)-in-manila-at-appevolve,2025-08-12 08:17:43
workable.com Django Developer Remote,https://jobs.workable.com/view/f7FLeJADm2HKcRCED8A2p6/remote-senior-python-django-developer---(wfh)-%2334328-in-philippines-at-manila-recruitment,2025-08-12 08:17:43
workable.com Django Developer Remote,https://jobs.workable.com/view/sWvLsGJN2Gccs5RYS93Dnj/remote-full-stack-engineer-(python%2Fdjango-%26-javascript)-in-podgorica-at-it-labs,2025-08-12 08:17:43
workable.com Django Developer Remote,https://apply.workable.com/cloudlinux-1/j/6811ED85AB,2025-08-12 08:17:43
workable.com Django Developer Remote,https://jobs.workable.com/view/jd38wXrQdokX4K6bFQbe5m/remote-django%2Fpython-developer-in-boston-at-resource-innovations,2025-08-12 08:17:43
workable.com Django Developer Remote,https://apply.workable.com/appevolve/j/19C46ECD73/,2025-08-12 08:17:43
